{"train_loss": 0.16866575168089623, "_timestamp": 1708942831.9179704, "_runtime": 3958.0522084236145, "_step": 1}